{
    "coverImageFilename": "cover.png",
    "icon": "cover.png",
    "components": [
        {
            "type": "FileCopyMod",
            "sourceFileName": "Banana.qsaber",
            "targetRootedPathAndFileName": "/sdcard/Android/data/com.beatgames.beatsaber/files/sabers/testSaber.qsaber"
        }
    ],
    "version": "1.0.0",
    "links": {
        "pageLink": "https://patreon.com/Parapass"
    },
    "description": [
        "Banana sabers for quest. now please stop asking kthx"
    ],
    "gameVersion": "1.10.0",
    "platform": "Quest",
    "id": "BananaParapassV1.0.0",
    "name": "Banana",
    "author": "Parapass",
    "category": "Saber"
}