{
    "coverImageFilename": "cover.png",
    "icon": "cover.png",
    "components": [
        {
            "type": "FileCopyMod",
            "sourceFileName": "pUnknown.qsaber",
            "targetRootedPathAndFileName": "/sdcard/Android/data/com.beatgames.beatsaber/files/sabers/testSaber.qsaber"
        }
    ],
    "version": "1.0.0",
    "links": {
        "pageLink": "https://twitch.tv/parapass_"
    },
    "description": [
        "Bandoot Sabers Leaked!!! **REAL** *NOT CLICKBAIT* !EMOTIONAL!"
    ],
    "gameVersion": "1.10.0",
    "platform": "Quest",
    "id": "pUnknownParapassV1.0.0",
    "name": "pUnknown",
    "author": "Parapass",
    "category": "Saber"
}