{
    "coverImageFilename": "cover.png",
    "icon": "cover.png",
    "components": [
        {
            "type": "FileCopyMod",
            "sourceFileName": "PSaber Plasma.qsaber",
            "targetRootedPathAndFileName": "/sdcard/Android/data/com.beatgames.beatsaber/files/sabers/testSaber.qsaber"
        }
    ],
    "version": "1.0.0",
    "links": {
        "pageLink": "https://patreon.com/Parapass"
    },
    "description": [
        "PSaber Plasma for Quest"
    ],
    "gameVersion": "1.8.0",
    "platform": "Quest",
    "id": "PSaberPlasmaParapassV1.0.0",
    "name": "PSaber Plasma",
    "author": "Parapass",
    "category": "Saber"
}