{
    "coverImageFilename": "cover.png",
    "icon": "cover.png",
    "components": [
        {
            "type": "FileCopyMod",
            "sourceFileName": "Gun.qsaber",
            "targetRootedPathAndFileName": "/sdcard/Android/data/com.beatgames.beatsaber/files/sabers/testSaber.qsaber"
        }
    ],
    "version": "1.0.0",
    "links": {
        "pageLink": "https://patreon.com/Parapass"
    },
    "description": [
        "Frick sabers. All my homies use guns to kill bloq."
    ],
    "gameVersion": "1.10.0",
    "platform": "Quest",
    "id": "GunParapassV1.0.0",
    "name": "Gun",
    "author": "Parapass",
    "category": "Saber"
}